Run_Number,Time_Seconds
1,0.0688495
2,0.0686291
3,0.0686017
4,0.0686178
5,0.100362
6,0.140413
7,0.140315
8,0.140335
9,0.140349
10,0.140294
11,0.140298
12,0.140525
13,0.140198
14,0.140525
15,0.14086
16,0.140413
17,0.140483
18,0.140256
19,0.140472
20,0.140293
21,0.140427
22,0.14024
23,0.140502
24,0.140361
25,0.140214
26,0.140502
27,0.140435
28,0.14055
29,0.140357
30,0.140257
31,0.140316
32,0.140454
33,0.140486
34,0.140323
35,0.140349
36,0.140333
37,0.14037
38,0.140299
39,0.140354
40,0.140405
41,0.140265
42,0.140422
43,0.140423
44,0.140229
45,0.140825
46,0.140317
47,0.140401
48,0.14051
49,0.140582
50,0.140411
51,0.140293
52,0.140308
53,0.14043
54,0.140351
55,0.14052
56,0.140389
57,0.140388
58,0.140266
59,0.140633
60,0.140343
61,0.14027
62,0.140456
63,0.140396
64,0.140264
65,0.14028
66,0.138834
67,0.139743
68,0.140499
69,0.140301
70,0.14038
71,0.140655
72,0.140284
73,0.140528
74,0.140681
75,0.140367
76,0.141027
77,0.140369
78,0.140378
79,0.140236
80,0.140343
81,0.140204
82,0.140345
83,0.14035
84,0.140311
85,0.140543
86,0.140354
87,0.140443
88,0.140265
89,0.140328
90,0.140306
91,0.140343
92,0.140412
93,0.140319
94,0.140452
95,0.140281
96,0.140375
97,0.140564
98,0.140406
99,0.1405
100,0.140309
